,name,type,area,postcode,latitude,longitude
0,Glen Eyre Halls,UoS,Bassett,SO16 3UF,50.9388,-1.3995
1,Highfield Hall,UoS,Highfield,SO17 1TG,50.9332,-1.392
2,Wessex Lane Halls,UoS,Swaythling,SO18 2NU,50.9392,-1.3789
3,City Gateway,UoS,Swaythling,SO16 2GT,50.9416,-1.3855
4,Mayflower Halls,UoS,City Centre,SO15 1GJ,50.9069,-1.4087
5,Archers Road,UoS,Avenue,SO15 2PF,50.9168,-1.4072
6,Hampton Square,Private,Portswood,SO17 2LB,50.9304,-1.3912
7,The Brook,Private,Portswood,SO17 2BS,50.9261,-1.3926
8,Richmond House (Vita),Private,City Centre,SO14 3PQ,50.8988,-1.3986
9,Orion Point,Private,City Centre,SO14 0AH,50.9082,-1.3972
10,Mercury Point,Private,Ocean Village,SO14 3PF,50.8991,-1.3998
11,Capital House,Private,City Centre,SO14 1AW,50.9056,-1.4035
12,Cumberland Place,Private,City Centre,SO15 2BG,50.9113,-1.4076
13,Lucia Foster Welch,Private,Ocean Village,SO14 3HA,50.8967,-1.3916
14,St Mary's House,Private,City Centre,SO14 1AZ,50.9048,-1.3968
